id,per_square_meter_price
COL_289284,40460.65309948125
COL_289305,40480.267783081654
COL_289318,39016.10108420152
COL_289354,101558.4716686022
COL_289399,48697.48587000394
COL_289428,46287.91095226509
COL_289460,51473.02589275844
COL_289493,64934.87874386218
COL_289495,51330.39145550765
COL_289749,50258.67582761615
COL_289763,175881.60580315275
COL_289778,65750.30193932903
COL_289801,35942.58562386057
COL_289971,36313.64813060889
COL_290143,54395.68398391047
COL_290169,106548.51256137845
COL_290252,28619.696797282308
COL_290336,40330.96529288354
COL_290398,32572.73504102473
COL_290403,43847.093794042565
COL_290431,31126.580493716745
COL_290466,48082.68528173847
COL_290486,61331.10186061778
COL_290497,30473.695256430095
COL_290510,41385.313792716064
COL_290559,38451.456393029606
COL_290600,62337.202077198075
COL_290602,65017.1341249788
COL_290716,44593.57317858588
COL_290717,27477.380125568005
COL_290876,46785.54934625243
COL_290966,31784.949153929167
COL_291008,32091.958468345834
COL_291021,124683.84084621965
COL_291043,78772.11284532853
COL_291190,54552.72996876575
COL_291192,50622.71612187658
COL_291274,49498.47609825263
COL_291284,74672.96308175463
COL_291397,33415.19707371774
COL_291450,64204.2521188247
COL_291738,61994.995241132594
COL_291740,31664.635740024598
COL_291825,27445.694858995754
COL_291900,60708.646968319845
COL_292045,72089.02229564573
COL_292135,39760.636853335345
COL_292258,40708.45479100626
COL_292275,24774.330018532262
COL_292279,55257.5366730513
COL_292364,55481.24894095751
COL_292417,29496.78009246223
COL_292421,48825.43792512915
COL_292501,48444.41089508294
COL_292654,74459.5687767893
COL_292906,53641.12688141898
COL_292926,28996.697341115658
COL_293123,52704.67766246588
COL_293135,28556.243039433706
COL_293496,50258.72160240064
COL_293497,29383.143632322062
COL_293588,482543.2102611573
COL_293614,175308.76616056653
COL_293631,82149.61620724901
COL_293703,27998.44773132155
COL_293773,28326.451882408404
COL_293780,51605.633720897225
COL_293783,30559.769730710006
COL_293826,37955.52838344716
COL_293889,86620.92416582853
COL_293952,48716.222789831045
COL_293956,39263.49537041926
COL_294068,69075.08113569838
COL_294101,52534.889611185106
COL_294115,41861.96499580718
COL_294143,42643.907037351426
COL_294200,35048.83732728066
COL_294245,27973.662474546654
COL_294261,25411.695421191343
COL_294293,53060.44253791841
COL_294300,54336.19496842674
COL_294350,37617.59620787364
COL_294488,47391.53369422004
COL_294525,52214.62188162205
COL_294553,38953.17949993203
COL_294558,48474.86969577161
COL_294593,47350.77872167598
COL_294691,56615.262027412544
COL_294716,25404.483751201024
COL_294729,56455.48300061053
COL_294785,64898.10006824012
COL_294917,72157.92719320579
COL_294951,29550.873984820886
COL_294975,41498.99494124384
COL_295255,26035.39287992917
COL_295327,21838.450511549916
COL_295509,40741.48920195588
COL_295595,56096.56770034013
COL_296322,45012.437097204805
COL_296509,24906.476924361745
COL_296521,260484.23261745906
COL_296756,34245.39284426437
COL_296901,50456.75305024935
COL_297293,38869.41306233939
COL_297324,41969.44204073735
COL_297326,47511.97048261171
COL_297329,38059.82343662474
COL_297441,41116.123980241624
COL_297472,32504.504672779025
COL_297631,62197.964036644546
COL_297815,93169.42929628638
COL_298020,36953.39829965227
COL_298046,59719.753598473726
COL_298052,36698.06514350481
COL_298055,97102.69894294198
COL_298064,56863.88752246711
COL_298075,64519.192226985746
COL_298099,36238.48345007464
COL_298101,78208.43859274201
COL_298102,54041.14913527422
COL_298103,46608.68615027953
COL_298104,50986.01762385168
COL_298261,60408.255650271305
COL_298459,217199.0154757859
COL_298471,38233.47717893473
COL_298481,57517.82099232445
COL_298516,54766.55832812789
COL_298532,35855.31675782322
COL_298539,41298.71798346309
COL_298593,453165.3415937897
COL_298719,47943.92569745306
COL_298724,49169.76925500563
COL_298733,38191.112173303896
COL_298817,101378.60306161823
COL_298837,48939.516567984254
COL_298968,213074.633014502
COL_299209,57702.108627489375
COL_299221,218679.7393823112
COL_299361,36691.93142549095
COL_299366,55154.23391241352
COL_299450,98918.48697282169
COL_299454,53641.12688141898
COL_299455,89123.9361357164
COL_299459,75960.6994413215
COL_299464,44478.87193014339
COL_299468,60105.29963153338
COL_299486,53712.53723559561
COL_299491,97673.60837360338
COL_299497,72725.0070985891
COL_299499,49164.135114934295
COL_299501,93583.43866652461
COL_299540,47165.60314981469
COL_299615,50897.577379362665
COL_299659,188182.10899701747
COL_299678,135784.33616964886
COL_299795,100678.07631938923
COL_299818,38758.143321979645
COL_299819,129980.65816164826
COL_299820,146592.1398787248
COL_299960,64927.46625927051
COL_300095,67857.18462164779
COL_300108,184806.48218085224
COL_300125,26460.13082062617
COL_300144,213745.3210409541
COL_300225,45839.43154709521
COL_300305,236495.67720761133
COL_300423,37170.792508802966
COL_300491,37720.862640228595
COL_300562,37606.95611161964
COL_300747,32867.862039274565
COL_300816,56727.22618496446
COL_300942,33898.71451081394
COL_300959,43501.89264750177
COL_300962,34582.929561775316
COL_301220,38484.46805052265
COL_301285,57010.07845530673
COL_301290,79514.85777009463
COL_301303,90013.29316277428
COL_301367,36980.836467696994
COL_301368,45166.80985332491
COL_301378,83388.67917389798
COL_301401,57779.42443069877
COL_301444,35421.36692837629
COL_301445,46803.03904493527
COL_301574,76645.95297203968
COL_301649,29848.171703100692
COL_301669,49046.04955789609
COL_301670,36762.74687808651
COL_301679,52494.97550796527
COL_301709,30737.745097668372
COL_301757,195870.5573195654
COL_301819,36459.5701679847
COL_301820,36564.40956329041
COL_301821,37346.07878206322
COL_301822,37069.201744629594
COL_301823,36564.40956329041
COL_301843,49531.26574548496
COL_301976,59193.87921185457
COL_301986,34714.140146754144
COL_302097,45946.742461451984
COL_302111,88157.15605395654
COL_302139,36787.07185188897
COL_302293,38591.26567982506
COL_302294,33556.363629805455
COL_302428,43621.78296224223
COL_302465,38517.94541715958
COL_302497,66490.84991247131
COL_302548,37752.2420534344
COL_302597,34613.58098639446
COL_302726,50947.1765283064
COL_302745,51682.16138036437
COL_302873,38576.189566286106
COL_302926,43775.93682937436
COL_302986,48240.52196083926
COL_302987,47069.943588446506
COL_302994,58647.213897358015
COL_303002,83230.40416545079
COL_303004,47165.60314981469
COL_303007,29094.25609030965
COL_303069,54873.91590715074
COL_303147,25529.581860150898
COL_303265,46364.00380079361
COL_303285,119444.69943244167
COL_303366,31106.92847089306
COL_303405,75907.33830029075
COL_303564,46220.98622877379
COL_303569,27930.291804237746
COL_303618,106314.25151596115
COL_303623,145196.48148894982
COL_303624,145196.48148894982
COL_303625,143824.4176841223
COL_303626,129964.43569487846
COL_303627,63505.150434509975
COL_303637,28530.897582984042
COL_303638,32210.679996596624
COL_304041,56954.706028473985
COL_304147,384947.7163642336
COL_304255,228283.2653389114
COL_304280,55188.32342866172
COL_304320,35793.862841155984
COL_304322,44814.84825970634
COL_304323,28145.658379415177
COL_304324,25242.954775601404
COL_304325,27112.59618082036
COL_304367,35004.48732184606
COL_304546,62728.56270758551
COL_304550,82308.15425204864
COL_304552,108636.28950365364
COL_304561,43502.16846693009
COL_304585,79491.23575351968
COL_304853,109551.75455153627
COL_304902,37492.37313805357
COL_304978,56737.3725535892
COL_304984,33232.59204166259
COL_305002,47847.42821460831
COL_305017,61299.223635369235
COL_305038,30064.488429086538
COL_305057,36065.445228868906
COL_305058,37645.458850333904
COL_305059,37767.53144761226
COL_305114,318592.26552490285
COL_305373,56843.126404718845
COL_305382,91454.3969916611
COL_305383,88140.20957505824
COL_305384,93747.55988284659
COL_305385,93747.55988284659
COL_305386,91454.3969916611
COL_305387,93747.55988284659
COL_305388,90798.76658567238
COL_305413,61537.000015771715
COL_305607,44892.74224143149
COL_305652,51003.71426791398
COL_305726,167887.71204981927
COL_305896,58476.402749375084
COL_305924,30438.464316737045
COL_305926,30333.327857012904
COL_306033,76652.2514159595
COL_306088,59109.99233421364
COL_306141,29032.62052293909
COL_306143,41335.52174723233
COL_306144,48516.3977255391
COL_306151,57863.218105458625
COL_306153,49947.450109392514
COL_306154,48113.67302348442
COL_306155,41201.75653672526
COL_306206,47582.10232808413
COL_306621,46868.85314353284
COL_306728,47421.13269940948
COL_306758,46166.69787706244
COL_306763,100338.00908723124
COL_306803,49980.36401152798
COL_306853,36871.085382944875
COL_306892,38628.527150506416
COL_306938,102164.71181650896
COL_307001,54961.59610518266
COL_307043,61041.25611783107
COL_307158,47175.23169591415
COL_307269,52040.37473825486
COL_307356,70837.50689156029
COL_307480,35937.89883022603
COL_307529,53556.966393862174
COL_307623,44868.673147411224
COL_307819,35469.71825907796
COL_307874,36905.78069153883
COL_307945,79500.49753904306
COL_307986,69449.27909310743
COL_308206,56311.8878277925
COL_308211,35752.55761220812
COL_308429,80121.6287323248
COL_308446,38799.17518776516
COL_308472,47680.75105134752
COL_308486,61766.619804004134
COL_308492,62547.90314648891
COL_308493,59716.54777082152
COL_308743,41970.09865584643
COL_308803,35515.9552152376
COL_308813,68020.8900024494
COL_308963,56323.758003855466
COL_308966,25792.337755710792
COL_309079,38199.657246354975
COL_309121,38233.47717893473
COL_309434,37294.915453580885
COL_309612,43778.524704974174
COL_309635,23851.749909269925
COL_309640,38783.30469379726
COL_309642,37107.95958357495
COL_309784,34448.40412724615
COL_310093,28934.044321356607
COL_310107,37573.55871448543
COL_310164,42072.758680363215
COL_310207,52077.988747097064
COL_310218,39745.26855005306
COL_310311,31676.82728294988
COL_310315,55503.54281781929
COL_310359,53210.12405307009
COL_310405,95046.80131154563
COL_310447,42107.7964535254
COL_310503,37667.81069582764
COL_310570,37357.630849926274
COL_310590,47575.67492735265
COL_310604,51677.64433928341
COL_310641,148671.9990391567
COL_310642,53400.5262326251
COL_310656,395616.3033485477
COL_310722,32449.702294055573
COL_310897,54846.5686720806
COL_311016,23920.914969532223
COL_311017,37349.64809227883
COL_311018,36844.85591093966
COL_311025,25941.176243110513
COL_311026,35333.21395290547
COL_311068,26934.93491386733
COL_311128,45437.5527810489
COL_311187,111086.19443014414
COL_311188,111303.05297529139
COL_311328,206767.03511813792
COL_311348,38498.157375463685
COL_311537,50515.70374104057
COL_311660,32763.276443289895
COL_311665,37233.96182301413
COL_311698,31824.678890586496
COL_311704,493133.7081034115
COL_311870,52040.37473825486
COL_312002,55137.75316135303
COL_312005,209380.67657810252
COL_312006,156394.2054691167
COL_312007,156097.03688913514
COL_312010,106809.42984510442
COL_312014,47263.989872208134
COL_312208,44881.80989904056
COL_312270,44895.415902182904
COL_312284,82729.79430060751
COL_312290,29876.77304065721
COL_312323,63914.34818858861
COL_312335,57021.46937270577
COL_312455,56678.03676014149
COL_312609,45606.05130920234
COL_312628,41077.867312323855
COL_312649,75588.73418770682
COL_312672,37709.76589912503
COL_312673,44057.647069227496
COL_312695,56632.38858787763
COL_312997,375630.6469107157
COL_313006,58153.208389274776
COL_313065,60555.99102116282
COL_313068,59073.80075982472
COL_313211,47437.77870198649
COL_313268,160109.04977756596
COL_313304,44701.9286340365
COL_313352,37014.34103924796
COL_313363,46142.68202455257
COL_313535,81023.15799072363
COL_313559,122327.89257633855
COL_313572,55622.386327707136
COL_313573,55622.386327707136
COL_313574,39260.45903296587
COL_313597,49020.08134619961
COL_313606,48829.38850029612
COL_313694,78904.39510689166
COL_313703,39392.588617663954
COL_313717,113079.98121813306
COL_313789,29488.26764372734
COL_313791,41981.66522452147
COL_313814,65178.25068671601
COL_314054,95995.33148693478
COL_314055,95995.33148693478
COL_314058,95995.33148693478
COL_314069,30253.2734172611
COL_314170,31443.533719954055
COL_314185,48255.303401920784
COL_314186,32144.498232519276
COL_314187,43467.77770016578
COL_314190,61005.02277663233
COL_314196,38232.98246397222
COL_314211,52624.50351615993
COL_314230,48037.28858737179
COL_314308,35274.807751500564
COL_314419,41476.94260504694
COL_314536,44345.876349891805
COL_314628,50945.42868223461
COL_314746,48339.18775161239
COL_314818,58523.08277747787
COL_314821,54766.55832812789
COL_314859,40094.43398375529
COL_314860,41927.88445052911
COL_314899,129360.24817876412
COL_314907,38634.56488595405
COL_314997,35017.93568058733
COL_315015,81755.60874064443
COL_315135,44559.128081995405
COL_315502,48333.09780788536
COL_315578,44919.9240781253
COL_315599,30308.13256589898
COL_315602,37665.53708408993
COL_315621,59572.73331293985
COL_315652,145843.88170200694
COL_315673,469913.59913566004
COL_315724,36543.85352363416
COL_315806,28294.738385976663
COL_315970,56646.12275902868
COL_315976,28859.069223008024
COL_315977,29488.26764372734
COL_316014,31040.05011563996
COL_316015,52817.177009127714
COL_316017,49918.44504197368
COL_316021,50688.452322579564
COL_316022,47171.03275386246
COL_316023,47430.610958554134
COL_316024,55442.86795444309
COL_316025,55442.86795444309
COL_316150,51884.682126046835
COL_316180,80197.4599392051
COL_316181,36036.09040814845
COL_316289,47672.68812082825
COL_316308,29808.408743536154
COL_316323,28036.175286219168
COL_316387,32105.423799226082
COL_316388,32105.423799226082
COL_316389,35242.755772587145
COL_316390,32531.291352311222
COL_316392,31128.122167733636
COL_316423,28927.35787307309
COL_316446,55418.29209080657
COL_316448,50021.24825336276
COL_316562,33997.15231170458
COL_316629,37424.82875437372
COL_316720,59942.067875968365
COL_316897,197351.19158386093
COL_316942,32491.383218528925
COL_317174,42612.80050113577
COL_317405,50689.59435215299
COL_317423,56988.00312202543
COL_317789,39290.94209564389
COL_317930,81551.15498820668
COL_318181,95235.07390386221
COL_318209,83003.08670481466
COL_318336,32605.748997318748
COL_318357,24814.09145401105
COL_318384,42718.68785666217
COL_318425,47416.52072304752
COL_318499,35647.71821690241
COL_318575,78948.80162800703
COL_318696,76828.29612678227
COL_318698,605183.6393965258
COL_318712,61585.46329078021
COL_318765,76546.3734865608
COL_319064,95235.07390386221
COL_319104,48536.04821721549
COL_319163,33207.213587208
COL_319251,49111.88214237739
COL_319500,38662.301682710095
COL_319542,128122.42680961992
COL_319671,51521.022018915675
COL_319675,55713.98783954397
COL_319987,41772.017550931436
COL_319998,34237.43763650142
COL_320000,35953.76713287088
COL_320001,35953.76713287088
COL_320028,34110.17010575828
COL_320128,47511.97048261171
COL_320171,39198.23454511083
COL_320291,40419.460630445035
COL_320376,82372.06241905424
COL_320430,28521.82622864236
COL_320446,41714.1719348411
COL_320452,32870.50090584261
COL_320470,27909.07621969201
COL_320478,40157.49357312825
COL_320498,48478.42327538883
COL_320518,34605.243972587195
COL_320693,81153.78854635112
COL_320824,53404.98902039416
COL_320905,28915.850497318876
COL_320942,112613.4140106258
COL_320966,47853.24316524241
COL_321061,53646.76357815057
COL_321088,55926.15761847791
COL_321099,86202.65516227187
COL_321128,215902.63325807385
COL_321407,53625.124455626334
COL_321417,66601.41577952706
COL_321427,70799.71968394237
COL_321474,35483.3352445446
COL_321621,36011.54813198047
COL_321670,41772.06203033317
COL_321677,28082.880330906544
COL_321820,46929.97546061577
COL_322106,73224.3992996707
COL_322266,35537.52828695626
COL_322288,101117.51131174387
COL_322290,79500.49753904306
COL_322311,40061.21565233001
COL_322356,107427.81447034678
COL_322378,44122.75815000955
COL_322380,33382.920720343456
COL_322428,89167.55260243762
COL_322436,42729.474903854185
COL_322462,49867.12911528654
COL_322463,30506.099087928644
COL_322511,47587.600051841204
COL_322568,49597.82840236211
COL_322595,38335.036990378976
COL_322623,32153.552866527836
COL_322624,91695.67364226047
COL_322665,48446.354588613875
COL_322676,87197.31645264779
COL_322749,38993.32282665811
COL_322954,37168.2619200127
COL_323025,75785.67294253562
COL_323034,51177.03035596895
COL_323061,57266.276254700526
COL_323075,23785.37440771908
COL_323078,35852.88709735364
COL_323084,35134.17471821685
COL_323247,43214.34281736373
COL_323258,73906.70590624603
COL_323261,105076.49773777089
COL_323330,62665.36485481325
COL_323355,61644.443341435486
COL_323590,37348.68487313764
COL_323647,42883.20291044211
COL_323671,48894.05141343407
COL_323683,469913.59913566004
COL_323882,50005.2424747172
COL_323938,88308.65263705417
COL_324197,128585.15063331899
COL_324268,27477.380125568005
COL_324269,34597.47650202894
COL_324455,70533.95932169919
COL_324459,105437.66320961044
COL_324622,51638.64939706456
COL_324655,37126.02289142395
COL_324779,30549.398291336813
COL_324786,83643.82869778629
COL_324787,80712.55713736717
COL_324926,39930.68311533723
COL_324927,47582.6229486867
COL_324936,29309.157326311593
COL_324940,180660.04330530728
COL_324941,55532.40588411348
COL_325131,97927.86858009825
COL_325182,45950.79855752995
COL_325196,55458.43034260045
COL_325210,48738.46409655148
COL_325348,46301.47373622162
COL_325392,40362.87759471058
COL_325405,58490.89300208602
COL_325545,187631.7895057822
COL_325588,78556.75727394638
COL_325648,97913.35173578937
COL_325649,97913.35173578937
COL_325650,86398.37423726672
COL_325651,83928.70440467783
COL_325652,77716.2403255337
COL_325653,79291.90994711278
COL_325696,71967.8246408262
COL_325699,53825.993371615856
COL_325703,48920.151731488135
COL_325707,73752.38580349046
COL_325847,42740.59737369785
COL_325884,34687.27179843152
COL_325904,57117.0115339542
COL_325905,42172.391148800285
COL_325942,62691.521357977785
COL_325998,124608.78751091102
COL_326043,38308.69136464289
COL_326045,32312.92780862751
COL_326068,48555.59026633581
COL_326108,37675.82679713083
COL_326130,79923.29406120436
COL_326171,35134.404608323006
COL_326268,54861.835992224216
COL_326466,59411.029486141124
COL_326531,30351.879567664244
COL_326680,44653.732509002024
COL_326753,37067.77167419779
COL_326804,50815.099759338416
COL_326997,58142.24477953124
COL_327062,45631.99401449312
COL_327071,26378.70781163573
COL_327138,40094.87574396888
COL_327471,35302.36172687481
COL_327568,32539.994275938752
COL_327627,55366.18093958127
COL_327732,46456.828083986424
COL_328038,80694.66484467692
COL_328039,80712.55713736717
COL_328086,33728.06005379098
COL_328127,62358.91176758271
COL_328128,42331.350763154594
COL_328240,39401.61082364229
COL_328284,49449.27770441196
COL_328358,39216.191358785836
COL_328408,40128.44875439503
COL_328598,37552.32811025956
COL_328785,41949.26516240578
COL_328832,92099.62327703413
COL_328912,63017.601448747235
COL_328916,47781.55133711552
COL_328952,49672.45139349977
COL_328998,37267.710444068645
COL_329153,52286.24013641035
COL_329196,63314.81138444608
COL_329239,83726.96727125072
COL_329262,88108.57020273287
COL_329356,35850.6603735466
COL_329509,80061.79391081902
COL_329554,39349.26000931997
COL_329557,41001.550716672944
COL_329663,33513.39414696934
COL_329708,48957.99962687737
COL_329757,26814.49857487214
COL_329828,61744.36372839235
COL_329829,57592.46949696122
COL_329857,46389.502761620344
COL_330022,56447.131949927956
COL_330075,44439.64510954779
COL_330085,56011.82132798003
COL_330199,62148.3454045562
COL_330234,38321.75319477529
COL_330254,64727.70176592626
COL_330260,56453.93005130533
COL_330277,46576.107702047666
COL_330324,27800.330979720202
COL_330335,26179.84556109327
COL_330474,60510.90072807476
COL_330477,41232.0191689654
COL_330553,89198.94798528614
COL_330624,39399.373215352
COL_330666,59230.82035597325
COL_331046,73829.75517930056
COL_331047,59658.825664095995
COL_331049,56838.67370355653
COL_331062,129665.68509728531
COL_331205,153985.63016270025
COL_331263,39934.27360549297
COL_331270,39970.357221603306
COL_331278,56691.83812566335
COL_331289,30303.140392232024
COL_331365,59970.29986394099
COL_331412,49779.64433527435
COL_331441,47287.93902412747
COL_331442,46150.092373106665
COL_331466,24986.957480494344
COL_331559,39993.7427047102
COL_331572,40831.801471754756
COL_331601,36955.21878080777
COL_331762,28984.527031951213
COL_332006,37313.55069444873
COL_332433,52768.221741762434
COL_332669,56962.756050294985
COL_332717,28384.879466369377
COL_332726,55837.21795485646
COL_332856,24397.936316441068
COL_332908,104160.50845491236
COL_332909,106846.54578389945
COL_332910,106846.54578389945
COL_332939,45908.68828399239
COL_333190,104160.50845491236
COL_333309,55257.5366730513
COL_333329,35426.66267252189
COL_333350,48087.340070972146
COL_333390,37624.48298185925
COL_333472,51051.084839462535
COL_333473,90452.10418991206
COL_333518,47248.42521973983
COL_333530,84918.40888616805
COL_333545,104959.38580475125
COL_333556,42189.97677067663
COL_333576,31127.544372198634
COL_333736,28986.63580059836
COL_333788,48863.76865560049
COL_333866,30079.11621363716
COL_333867,30241.972866735337
COL_333928,55928.35282824454
COL_333957,50008.95034439195
COL_334037,56674.30742691637
COL_334047,59042.95809584446
COL_334091,70645.0614969509
COL_334183,50277.724945427624
COL_334229,67924.11408031402
COL_334288,106143.90484641468
COL_334468,40961.35329980623
COL_334548,31124.35660240013
COL_334639,35167.468314411184
COL_334741,41262.28496589994
COL_334989,78255.67914048133
COL_335047,74267.34474180237
COL_335092,50557.72568124188
COL_335505,54310.150439565325
COL_335523,43856.6465208073
COL_335574,80704.53228895353
COL_335589,58670.1900384648
COL_335708,48220.237221378695
COL_335714,84116.64546039236
COL_335836,51644.99399074507
COL_336093,38783.88136207127
COL_336095,34957.986647229394
COL_336259,46161.8633835732
COL_336264,35150.97840602792
COL_336267,41549.17880833636
COL_336462,180133.17748539825
COL_336493,55912.809964120344
COL_336495,46827.75004376755
COL_336499,49810.46485432908
COL_336531,28966.493903459017
COL_336685,32277.028249272556
COL_336736,95411.0070089426
COL_336855,57684.285077281325
COL_336874,45843.92537089339
COL_336932,35395.72768494899
COL_336963,138336.19242521471
COL_336967,36756.85326324029
COL_337195,61569.55955757914
COL_337254,96205.13281250015
COL_337273,65973.20140392141
COL_337309,50285.89196236467
COL_337318,46432.92112376113
COL_337346,39400.1181192209
COL_337386,50017.81696578423
COL_337590,30901.90931222745
COL_337593,34506.46080338909
COL_337666,34214.64675101868
COL_337681,45636.731768415106
COL_337895,30628.536867458966
COL_337901,108484.28029680009
COL_337971,40598.477398131094
COL_338002,38730.50328177108
COL_338038,56057.58086784573
COL_338039,49451.25997896437
COL_338276,34037.73314399463
COL_338279,64294.8166764304
COL_338421,24760.05546899381
COL_338506,42209.71254057995
COL_338557,61345.7766927493
COL_338558,53587.315193025985
COL_338559,61345.7766927493
COL_338560,57630.97042304475
COL_338561,57630.97042304475
COL_338562,61118.772987605356
COL_338607,52908.70836129
COL_338609,51630.013286436166
COL_338673,42028.33457562227
COL_338850,44706.133211875305
COL_338864,52494.85656972762
COL_338944,39055.70611047891
COL_339089,93479.9746346129
COL_339113,34828.80574350487
COL_339428,56154.86993515174
COL_339440,30749.524720029483
COL_339645,32480.34714629645
COL_339657,36591.13092055289
COL_339727,50486.6145130538
COL_339728,50628.684673929965
COL_339729,76051.20315059474
COL_339772,51991.340584079386
COL_339793,41792.905962015044
COL_339822,30799.372732174663
COL_339866,46654.79269804669
COL_339878,88068.72804013641
COL_339889,35080.747010314575
COL_339893,38630.245634705534
COL_339912,78154.62322080626
COL_339987,27305.722149617217
COL_339993,82894.30403300883
COL_340011,76467.3380084505
COL_340117,40230.52994227631
COL_340369,48371.432141725956
COL_340447,64665.19504639565
COL_340462,50401.24260420312
COL_340506,24930.304809611105
COL_340519,41390.66047149783
COL_340520,39536.65252555556
COL_340521,31609.823835397718
COL_340655,142540.71835134036
COL_340657,45772.822308482355
COL_340794,155746.89737838105
COL_340796,53691.61243512638
COL_340898,90921.46750104568
COL_340975,61368.246717590206
COL_340994,71696.8834283484
COL_340995,62218.77707189584
COL_341014,43870.027753008406
COL_341069,189964.99349211692
COL_341070,41457.903058459364
COL_341184,53428.7800188784
COL_341212,38731.68692902686
COL_341220,47605.56910083341
COL_341237,48776.49690288978
COL_341310,48779.454576965094
COL_341351,33282.77419212053
COL_341414,91256.50047725084
COL_341465,41636.7996343228
COL_341487,28386.16842768626
COL_341496,48683.8215176313
COL_341683,38029.9382245096
COL_341692,27082.2265388532
COL_341722,79076.45604963378
COL_341744,39786.40107423487
COL_341762,51363.686972873875
COL_341805,28488.55671491206
COL_341889,37567.627420257595
COL_341936,72688.9789529276
COL_342040,60156.31613443668
COL_342111,55580.24031749945
COL_342208,43623.465254347255
COL_342209,38073.198106234515
COL_342211,46933.805284636015
COL_342212,34833.70344995957
COL_342258,54189.31033950981
COL_342326,61398.28109950675
COL_342405,53017.433295233015
COL_342407,32119.005696818695
COL_342425,54985.09424394276
COL_342426,56724.62436173176
COL_342438,57041.37024014894
COL_342505,57919.01713014149
COL_342623,40741.48920195588
COL_342714,55501.2979607658
COL_342734,33036.74897575138
COL_342947,56983.835459101945
COL_342948,32970.7186809492
COL_343030,41072.941813599595
COL_343036,85966.49440723866
COL_343039,28937.50506787745
COL_343047,52528.76881419251
COL_343070,26882.425643718663
COL_343169,124221.69303547771
COL_343269,40224.34122684418
COL_343324,53196.02607878756
COL_343430,35716.71445888546
COL_343527,28185.144684231553
COL_343636,38932.862807376056
COL_343649,40893.111785346206
COL_343852,48268.53307754738
COL_343866,93877.62854126171
COL_343993,81018.92227603216
COL_344179,39515.64283550882
COL_344278,45058.425237267315
COL_344298,31952.06161490483
COL_344312,56615.82548709479
COL_344350,37047.119967181665
COL_344578,48707.52076160969
COL_344772,36298.04972338903
COL_344807,49649.888938943615
COL_344844,46083.611126424155
COL_344845,48075.70568269344
COL_344887,47722.024819307466
COL_344960,43199.98483951075
COL_344969,543205.2318925821
COL_345017,38252.588941976304
COL_345055,35658.14538754276
COL_345062,69714.1503327827
COL_345102,78160.41815349252
COL_345117,76381.70161970472
COL_345119,70471.54249568639
COL_345171,41581.052577026174
COL_345187,85125.70689345448
COL_345195,208063.18681822874
COL_345287,38835.48955618432
COL_345351,72593.61920041089
COL_345558,39710.762616169166
COL_345594,36789.079375299145
COL_345718,38843.336221116304
COL_345723,43069.08184273383
COL_345736,54155.90999009688
COL_345839,54835.1313930729
COL_345884,31609.916496209848
COL_345971,26486.97935196861
COL_345996,55748.61647406626
COL_346013,234780.45567152594
COL_346015,231933.1094090082
COL_346208,52286.24013641035
COL_346276,44131.54557138382
COL_346296,44362.24138730889
COL_346516,40545.70640364668
COL_346518,40012.259847814224
COL_346522,107702.0483832597
COL_346623,85950.15198163818
COL_346677,120559.33728801277
COL_346698,48350.84909142501
COL_346776,73657.33933910167
COL_346813,50721.423783193735
COL_346829,37589.446701494744
COL_346974,50377.94650200148
COL_346975,55826.38000892543
COL_347000,52287.50964953718
COL_347011,80983.26901799745
COL_347186,52197.217014690046
COL_347284,39784.051483565294
COL_347293,35121.10383785986
COL_347332,43792.879675682685
COL_347353,45298.1914282089
COL_347436,49661.39172768118
COL_347488,36097.16666172089
COL_347618,48469.798230530156
COL_347620,38618.52677199508
COL_347621,59258.328683394284
COL_347634,54388.55718676685
COL_347686,46403.491944755166
COL_347694,38572.56571675451
COL_347737,99490.64862292627
COL_347777,56305.653577466845
COL_347852,50333.84273462804
COL_347970,32704.914026906223
COL_348009,35004.949842914466
COL_348076,75384.74425775596
COL_348077,57609.03150252475
COL_348272,66952.95869351394
COL_348274,55673.58956988075
COL_348275,50198.17714644013
COL_348278,48624.39041070214
COL_348281,47330.119543732086
COL_348383,79491.23575351968
COL_348436,40151.17180723818
COL_348447,32034.02361234903
COL_348483,32472.7907587185
COL_348681,45671.6140275555
COL_348731,39930.68311533723
COL_348733,49037.20538266492
COL_348757,50272.12733788491
COL_348893,41347.773708379835
COL_349002,188359.9686075224
COL_349029,62158.44852157386
COL_349110,28576.140814310118
COL_349213,41761.90031105737
COL_349214,40788.739303335984
COL_349215,28507.721752173795
COL_349216,38782.35524748881
COL_349601,41085.923346129275
COL_349602,38178.939888075394
COL_349643,31937.724278297872
COL_349719,58647.213897358015
COL_349774,35385.58416963771
COL_349777,28488.55671491206
COL_350115,43362.598558222424
COL_350169,28488.55671491206
COL_350175,88936.8142419323
COL_350245,42595.08461715542
COL_350246,48375.57207638292
COL_350338,57196.167083166845
COL_350353,35409.09326266817
COL_350357,55039.0607530389
COL_350456,34844.460538440384
COL_350457,32144.498232519276
COL_350458,49067.58016625199
COL_350459,46135.39889888543
COL_350476,49531.26574548496
COL_350497,346625.8526965196
COL_350564,299032.6220734952
COL_350594,57124.72825085434
COL_350743,37078.68392386568
COL_350761,91345.70083670408
COL_350762,98740.50129875685
COL_350764,68908.51277249212
COL_350784,50800.757465468785
COL_350851,62331.7029736909
COL_351049,42916.50191216851
COL_351088,423768.3844036807
COL_351213,62750.21710180415
COL_351274,47945.491942938934
COL_351380,28481.225079023323
COL_351688,44558.64761936054
COL_351715,39298.313329015575
COL_351762,50780.808659684386
COL_351901,47490.893776150326
COL_352368,112613.4140106258
COL_352392,48248.92726569157
COL_352397,53553.88723560709
COL_352422,98054.47330718319
COL_352637,24506.584105096143
COL_352991,49716.98900052256
COL_353024,79590.40367027863
COL_353028,39240.69515148909
COL_353059,31858.70052801955
COL_353225,54712.58445804419
COL_353243,28036.175286219168
COL_353323,37247.961341264694
COL_353376,32604.35801614005
COL_353452,58866.65826235704
COL_353740,36928.497423545305
COL_353741,29349.664475085647
COL_353798,38909.560455968305
COL_353848,53230.24221196331
COL_353860,37685.98449372513
COL_354005,58681.22284920882
COL_354013,48814.261676185306
COL_354017,27884.76271635275
COL_354058,99684.45367543901
COL_354370,51034.33282187462
COL_354379,48653.839922699524
COL_354384,29966.1510951394
COL_354401,46007.76005297648
COL_354414,50718.96743847679
COL_354422,51294.988400921626
COL_354535,33412.737513107575
COL_354630,53069.27577233327
COL_354696,48333.09780788536
COL_354775,55841.156342112256
COL_354795,50159.13880259714
COL_355174,49020.08134619961
COL_355178,30272.863010911937
COL_355241,52287.646140504985
COL_355242,56026.16995636025
COL_355332,49005.63848029508
COL_355356,48206.97198409435
COL_355412,51339.42876091642
COL_355457,24973.751512183288
COL_355532,44343.65800699427
COL_355579,107206.2946963483
COL_355627,44138.46197907353
COL_355640,110482.74719791942
COL_355642,46161.446206571796
COL_355643,39734.80312747
COL_355644,49188.86594946142
COL_355702,79024.26429743148
COL_355851,24216.76975924005
COL_355942,35871.57406633327
COL_355991,55220.48047977974
COL_356015,33704.07627963701
COL_356199,95235.07390386221
COL_356201,72683.80261375714
COL_356441,354201.60978475644
COL_356469,27217.75349114466
COL_356497,51326.105438313985
COL_356528,88678.1388534698
COL_356531,45190.60673306791
COL_356616,48555.59026633581
COL_356638,48333.191399235715
COL_356826,50183.33658992827
COL_356832,58889.325710280005
COL_356954,46705.83424269965
COL_356964,21521.426275222966
COL_356974,25139.84183160521
COL_356984,21521.426275222966
COL_356999,33542.08632256975
COL_357040,69835.98504742607
COL_357043,40797.988516197416
COL_357044,30648.201821569797
COL_357159,56668.619598433535
COL_357177,68409.23899120571
COL_357179,70662.94200831787
COL_357180,74473.92122808615
COL_357214,35037.87036027572
COL_357243,58913.13884900776
COL_357294,270915.10965431755
COL_357296,51755.977614238014
COL_357328,23773.49251485258
COL_357329,23773.49251485258
COL_357331,23773.49251485258
COL_357591,37212.67110167672
COL_357674,48705.64274114903
COL_357819,50217.88980804237
COL_357939,37616.29018781519
COL_357974,39288.06271254071
COL_358084,48523.870088850585
COL_358132,46585.23627082895
COL_358232,28640.484531296534
COL_358276,43871.39897140187
COL_358345,81570.50070767714
COL_358346,104408.18337095204
COL_358399,169121.74561475308
COL_358409,51633.304523626415
COL_358650,58846.1075365544
COL_358680,60798.11453575483
COL_358681,58718.38796804911
COL_358684,35631.89252502503
COL_358785,35898.268103806935
COL_358809,44678.183585182014
COL_358838,42560.185827594025
COL_358860,40655.616824054145
COL_358903,21521.426275222966
COL_358918,54251.64540464973
COL_358919,48892.622234716844
COL_359017,104367.28726834018
COL_359184,97487.74009743858
COL_359231,40245.07970781235
COL_359287,91381.86470087687
COL_359445,29874.38775710175
COL_359491,50922.00205043298
COL_359659,57823.68581252684
COL_359709,29876.77304065721
COL_359737,71007.73582288716
COL_359790,46860.228014046974
COL_359919,46153.579457460284
COL_359952,38668.03976388211
COL_359998,38979.27332927334
COL_360122,59623.56556028544
COL_360130,37547.88807745366
COL_360208,27973.662474546654
COL_360271,47715.52674610913
COL_360276,35960.232936380155
COL_360277,63640.08500325238
COL_360356,40225.196867954095
COL_360445,62965.88523149239
COL_360564,40245.07970781235
COL_360668,33265.58481261104
COL_360703,49538.41318797263
COL_360822,50244.876599479605
COL_361154,52493.018531184855
COL_361255,199142.8482116666
COL_361394,49340.47500590735
COL_361459,44806.391634905536
COL_361605,66279.17618114213
COL_361689,42870.968002021335
COL_361827,43803.113763502726
COL_361842,47587.600051841204
COL_361905,122210.12604291266
COL_361973,168511.40989513966
COL_362013,108958.50609295032
COL_362046,38656.88116244996
COL_362150,47473.56311547747
COL_362151,36881.64238237338
COL_362152,32750.45725766545
COL_362153,29836.27186031666
COL_362154,31183.636593757525
COL_362229,32750.45725766545
COL_362246,125488.96279816424
COL_362248,158006.30378504973
COL_362262,31408.75519794134
COL_362294,287780.1322611715
COL_362348,44976.29386815026
COL_362497,58719.61056625915
COL_362498,66235.78447315234
COL_362499,46956.67250843975
COL_362500,51115.26677668786
COL_362501,48837.95661264895
COL_362502,38030.201836240136
COL_362503,41302.30802772437
COL_362504,55357.494005848486
COL_362505,50464.01326801786
COL_362506,57715.57799141286
COL_362507,49174.357109207405
COL_362508,53540.81839900886
COL_362583,48570.952446156414
COL_362707,36543.91081696624
COL_362717,36364.38870340293
COL_362999,34571.56088301248
COL_363073,36292.30692892057
COL_363180,33173.614124000174
COL_363332,27986.23265401687
COL_363375,38708.12597196147
COL_363376,46432.068436360074
COL_363408,44904.82288085298
COL_363479,50682.36958439089
COL_363480,63390.53371079327
COL_363826,51722.78772460571
COL_363911,48011.216452811525
COL_364047,63056.002439465796
COL_364051,34316.36083649553
COL_364053,44648.20329285415
COL_364201,37409.59769898464
COL_364302,41637.188621024594
COL_364411,45539.42708353018
COL_364507,50433.658203488776
COL_364716,107427.81447034678
COL_364810,41832.1640116356
COL_364830,86240.99016481846
COL_364885,36020.53516096224
COL_364889,30842.3980531206
COL_364994,51541.5603698527
COL_365066,43294.57037188184
COL_365439,41956.38780170997
COL_365528,37583.543072630695
COL_365550,52053.79892058748
COL_365615,215902.63325807385
COL_365632,146813.33476372898
COL_365671,28452.879345412926
COL_365899,54398.42460479041
COL_365987,88308.65263705417
COL_366038,87457.49845037535
COL_366048,35762.07828675095
COL_366184,56557.6514399557
COL_366254,153349.97813170592
COL_366349,47869.58233144602
COL_366512,46576.57633858552
COL_366696,45533.827885286795
COL_366865,41005.61320813948
COL_367190,36266.651790029195
COL_367202,72878.7470196141
COL_367213,51862.36984574181
COL_367229,38783.88136207127
COL_367256,50515.70374104057
COL_367288,53841.02790272583
COL_367318,52556.231311709766
COL_367362,40504.329735677406
COL_367381,34086.07863635328
COL_367407,81892.05004849531
COL_367515,34217.02041588498
COL_367614,30630.823563390364
COL_367646,24528.872003097345
COL_367648,47358.836560445365
COL_367807,59503.44963382433
COL_367808,59045.58193511796
COL_367889,49803.74312782676
COL_367998,46621.27038961485
COL_368007,96797.0679953586
COL_368014,44335.6302630546
COL_368023,42310.55814284046
COL_368040,46596.52259543207
COL_368045,90013.29316277428
COL_368104,91112.38011306826
COL_368389,43462.31755078239
COL_368391,47959.836383095455
COL_368397,42767.00192786934
COL_368411,37107.935321298384
COL_368415,70397.47045287438
COL_368444,85234.56997734237
COL_368452,83628.32751591639
COL_368453,37568.030203689625
COL_368606,56791.45728112371
COL_368697,47909.11729405997
COL_368754,47817.987518752736
COL_368783,27620.272182569068
COL_368824,29050.748659575136
COL_368829,48203.77253249926
COL_369107,40094.8545717913
COL_369112,49246.61649020617
COL_369173,56243.57130596182
COL_369210,36535.42403564135
COL_369256,58958.68170984905
COL_369278,38568.778800061664
COL_369313,39941.52319705707
COL_369325,62824.72478068242
COL_369342,71847.03311037946
COL_369376,54967.17219603068
COL_369391,56465.487212125656
COL_369476,49186.5967969422
COL_369546,26666.110981637994
COL_369589,51804.79841610172
COL_369645,35003.53762193312
COL_369668,43291.797718201604
COL_369718,54524.66336094977
COL_369721,82894.30403300883
COL_369751,60242.985865701456
COL_369882,65749.34950528112
COL_369926,41017.21340916235
COL_370048,49594.960357448545
COL_370103,54398.42460479041
COL_370147,40972.15879766195
COL_370197,130100.82792078437
COL_370225,42200.59023799109
COL_370443,54757.88656538679
COL_370450,38515.65287665941
COL_370459,211675.94306348116
COL_370464,62109.85008946017
COL_370662,79500.49753904306
COL_370698,43785.82486158818
COL_370735,63644.88315728981
COL_370805,51104.52415788597
COL_370808,38842.12824311541
COL_370830,56590.40168710157
COL_370924,29829.71583094591
COL_371007,36915.77283390517
COL_371017,41599.94836795859
COL_371052,40361.11151813242
COL_371053,45111.453673667245
COL_371091,38133.84811313247
COL_371132,33632.90951550406
COL_371154,44935.19411803968
COL_371167,35878.047120275776
COL_371424,52646.21759064291
COL_371437,37861.35118019877
COL_371438,28021.300212625825
COL_371439,28021.300212625825
COL_371519,47550.43693095924
COL_371520,70545.69145894679
COL_371524,51694.24814132471
COL_371544,77345.48476992983
COL_371597,208312.40133323707
COL_371613,75724.07844294958
COL_371651,155241.1466925573
COL_371663,158086.20503721858
COL_371669,114545.12466771403
COL_371678,97742.44714433198
COL_371685,33662.15436219059
COL_371692,55220.48047977974
COL_371738,32809.54439680797
COL_371773,57297.082497361676
COL_371787,85431.79759951051
COL_372293,68371.46673936337
COL_372323,37420.073616606125
COL_372367,42004.685831950395
COL_372424,46540.37859724005
COL_372425,58127.02763281117
COL_372443,256459.2705175733
COL_372456,55847.74587555092
COL_372498,51132.8499656243
COL_372559,36939.656585915356
COL_372561,43220.0249829659
COL_372592,81768.27291769562
COL_372593,60153.81671161836
COL_372603,109997.79970170672
COL_372619,48037.28858737179
COL_372713,72316.52289532014
COL_372777,43354.03158607513
COL_372803,50561.23492238856
COL_372841,78362.02512366447
COL_372873,33951.639395807586
COL_372875,57166.420461481415
COL_372902,79614.763059767
COL_372920,41634.139202833416
COL_372930,482417.45541893336
COL_372932,107798.47500854605
COL_372945,114545.12466771403
COL_372969,51682.0099744654
COL_373027,50142.70746866948
COL_373071,48336.69694403059
COL_373075,40844.9330468103
COL_373101,46188.692218473356
COL_373105,47935.41066507383
COL_373106,45623.5704731776
COL_373107,41033.912866102444
COL_373108,41624.06957478246
COL_373180,33734.38747194123
COL_373195,128431.39775806783
COL_373197,128431.39775806783
COL_373289,85234.56997734237
COL_373291,40060.01672383805
COL_373414,49695.36914060472
COL_373415,74514.04581178208
COL_373441,91535.12375790827
COL_373467,48250.63929313199
COL_373522,55381.65381664622
COL_373627,43414.86998426998
COL_373675,210995.9288119166
COL_373917,59802.70573092436
COL_373938,139650.51160599032
COL_374058,38820.13199045258
COL_374154,113875.02318477067
COL_374182,35134.17471821685
COL_374183,105076.49773777089
COL_374232,47377.470441868616
COL_374272,62400.89351782188
COL_374299,38245.80571398644
COL_374416,29496.78009246223
COL_374494,56269.16534271645
COL_374515,66716.22892147415
COL_374570,104646.58714684859
COL_374858,22568.250772701213
COL_374867,27995.949236037697
COL_374899,52941.63600884483
COL_374955,50622.94828312276
COL_374975,56105.91998225918
COL_374997,36057.70466487089
COL_375026,42397.99719502252
COL_375033,37619.34404122048
COL_375103,32455.589746192974
COL_375118,33556.363629805455
COL_375119,47909.11729405997
COL_375120,34414.525149335415
COL_375121,40907.502711899186
COL_375183,45923.56029936816
COL_375452,73499.43909693416
COL_375463,87818.68839100459
COL_375672,36931.36558321868
COL_375673,31275.7648715673
COL_375716,114276.21615926424
COL_375781,40463.48935609968
COL_375859,26120.336214156916
COL_375888,50685.88477567959
COL_375893,113875.02318477067
COL_375899,40174.332656232844
COL_376021,48305.51426113747
COL_376102,112034.1228513111
COL_376206,44656.26282288916
COL_376211,41402.259214554135
COL_376366,143270.71259409346
COL_376367,123455.26962994022
COL_376368,131680.55359828167
COL_376405,70180.1959580416
COL_376443,188708.76938567043
COL_376475,38623.64688353134
COL_376477,37960.118434454125
COL_376499,194392.97848138103
COL_376500,232947.61513064036
COL_376524,45238.352403513476
COL_376613,40811.88048879725
COL_376661,61111.22531394562
COL_376674,74231.08069975443
COL_376690,27087.936748222975
COL_376712,55572.80200625742
COL_376778,38685.58411944942
COL_376800,25770.54467405777
COL_376801,24343.96303033888
COL_377066,37338.16060974438
COL_377074,41588.63797690654
COL_377093,49919.62317010923
COL_377113,35442.673638290275
COL_377118,44645.82119752089
COL_377131,49987.12039046453
COL_377356,26486.97935196861
COL_377543,38433.35294229656
COL_377546,58453.75815908187
COL_377548,50629.319091487974
COL_377689,206389.6208773369
COL_377713,90747.91285199876
COL_377714,90197.85196919357
COL_377715,56397.740185272436
COL_377731,39397.402134829405
COL_377732,121944.99518838838
COL_377910,37703.89876480354
COL_377931,55785.47965106356
COL_377977,34900.17525097925
COL_378088,47691.532908578236
COL_378144,50823.08973140181
COL_378155,31114.332244785106
COL_378170,75644.12828487644
COL_378178,46564.92991426476
COL_378194,48347.893298777395
COL_378195,88896.55567666674
COL_378227,39446.23327510275
COL_378236,62244.9946467747
COL_378342,84150.30345888651
COL_378364,60998.25863405759
COL_378406,34305.73294456029
COL_378444,56731.8777604415
COL_378460,30880.896542436687
COL_378506,63551.8164757689
COL_378544,45624.15779013318
COL_378740,45170.19591915035
COL_378743,31127.544372198634
COL_378846,129964.43569487846
COL_378872,36392.14129809685
COL_378873,188708.76938567043
COL_378880,63939.917949440285
COL_378885,39152.36317420701
COL_378904,43147.8173782221
COL_378971,38845.08547561929
COL_378972,46838.586633611754
COL_379131,44844.886612661125
COL_379199,38056.240220891945
COL_379283,38319.12269661476
COL_379294,38920.111062485375
COL_379338,47723.51045640043
COL_379341,105596.57267706055
COL_379374,497794.90775043325
COL_379401,39741.01191957804
COL_379549,44360.76623614971
COL_379551,24598.060997364868
COL_379552,39747.87141305595
COL_379553,40040.53131963305
COL_379554,39747.87141305595
COL_379555,37662.24496703044
COL_379572,138875.05378458404
COL_379670,28262.96300308979
COL_379673,38517.329075364076
COL_379680,98631.15910720536
COL_379744,41187.076384199085
COL_379766,33465.84856276965
COL_379823,31613.000172709173
COL_379827,45747.874176319776
COL_379833,46373.55908751129
COL_379915,26546.542239941275
COL_380084,43794.75357702551
COL_380212,55236.87448787031
COL_380276,82421.057384869
COL_380379,43552.52852222727
COL_380404,55432.875525007265
COL_380433,47490.893776150326
COL_380581,46178.34881643005
COL_380583,49788.43072741623
COL_380584,60215.23463482422
COL_380676,108484.28029680009
COL_380727,107798.47500854605
COL_380729,30272.863010911937
COL_380779,43881.04223891758
COL_380849,46949.82772502419
COL_380889,38969.99173977916
COL_380920,29929.65623005288
COL_380981,31557.589321466003
COL_381005,83664.58635491783
COL_381044,40463.89252450167
COL_381093,44974.415909750234
COL_381129,40331.21733812228
COL_381130,72501.92709748395
COL_381131,74113.88013285951
COL_381133,69854.65488982479
COL_381134,61899.628997047876
COL_381135,72393.37359736125
COL_381189,39060.2464643545
COL_381190,51958.55232821514
COL_381202,28385.809995051113
COL_381203,34231.77105319941
COL_381204,34231.77105319941
COL_381231,37370.98767047161
COL_381295,33274.146823388495
COL_381296,30834.270727952626
COL_381371,38817.80880100403
COL_381445,51644.99399074507
COL_381470,38300.291676958695
COL_381567,76561.031600243
COL_381672,47252.125883056586
COL_381741,41299.76885853284
COL_381885,45269.96397658168
COL_381909,44805.956493294274
COL_382242,58484.950762313136
COL_382342,92208.61460180389
COL_382345,72917.79080054852
COL_382539,29050.748659575136
COL_382709,42341.92240545421
COL_382788,40391.246986520644
COL_382792,100263.05637934693
COL_382995,48826.74848927702
COL_383020,53017.715639058406
COL_383043,48382.63139230863
COL_383046,41298.71798346309
COL_383264,439846.7063888695
COL_383272,48151.83471906928
COL_383299,41555.026481388384
COL_383308,36365.73303002498
COL_383393,65922.70739733687
COL_383454,83954.03438551609
COL_383480,45664.11675440713
COL_383482,35915.75519305996
COL_383558,81173.67867773208
COL_383684,91266.00617006548
COL_383726,25935.312690560728
COL_383773,78400.72059466499
COL_383810,50048.82925012495
COL_383855,57316.856470479855
COL_383866,60110.72840563015
COL_383966,37667.81069582764
COL_383981,35016.67091473432
COL_384006,48217.66057446557
COL_384016,47069.943588446506
COL_384022,43636.55897033058
COL_384106,73015.51831353085
COL_384116,282895.93771292764
COL_384222,198006.4826202563
COL_384231,41375.108738742834
COL_384295,61904.099075077334
COL_384325,53228.78514747049
COL_384362,41286.550499518606
COL_384398,42699.972866021635
COL_384499,50080.74426057313
COL_384636,66750.10414087305
COL_384650,31868.627211712588
COL_384670,58651.25383164053
COL_384718,47945.491942938934
COL_384720,286596.9593033397
COL_384721,240525.16541365618
COL_384722,246130.56203526186
COL_384723,246130.56203526186
COL_384724,248469.39769734078
COL_384725,240525.16541365618
COL_384726,246130.56203526186
COL_384727,248469.39769734078
COL_384730,31000.487317736504
COL_384743,42383.03943523757
COL_384801,56518.625759994036
COL_384841,65604.4830385528
COL_384884,52014.74367690137
COL_384916,28236.928837342803
COL_385075,43372.45303587692
COL_385133,55681.58406130697
COL_385148,76009.35889210529
COL_385149,83957.11608184298
COL_385150,55339.99237327729
COL_385159,56642.987272806655
COL_385204,91332.44613662096
COL_385211,29160.096003703362
COL_385220,66695.80917937812
COL_385264,53344.197684346276
COL_385312,42440.64062546662
COL_385327,62414.802112157384
COL_385345,50588.115212954675
COL_385371,48290.744528564224
COL_385388,34070.811916124934
COL_385489,24719.09724659566
COL_385511,33182.702177267434
COL_385541,137272.34998848263
COL_385575,60571.79882393884
COL_385576,104780.09204760495
COL_385683,37794.32326524646
COL_385739,38221.17939215112
COL_385814,31676.82728294988
COL_385828,113875.02318477067
COL_385939,30093.75269349619
COL_386160,86273.13907213797
COL_386195,84264.42973554804
COL_386279,48336.69694403059
COL_386331,47601.956878477984
COL_386767,36682.762056119456
COL_386784,85173.71472468284
COL_386857,33282.77419212053
COL_386871,78160.96966532744
COL_386878,69075.08113569838
COL_386926,43479.76024514948
COL_386954,40157.49357312825
COL_387107,54537.42464465154
COL_387125,33985.14659002935
COL_387135,86388.63411250795
COL_387155,47813.93992494242
COL_387163,56440.54568672671
COL_387211,47281.80756857787
COL_387222,48472.03590410272
COL_387276,32590.14467874942
COL_387277,57566.66620875432
COL_387280,51718.90527957485
COL_387304,48751.67944992168
COL_387357,31525.32130317045
COL_387381,50494.30118291294
COL_387425,105513.92540656564
COL_387426,110748.4396176254
COL_387452,167918.98377465506
COL_387541,345240.85409084277
COL_387600,28859.069223008024
COL_387837,40611.71557415808
COL_387921,36213.88114351569
COL_387922,114146.71079379921
COL_387925,51533.86871342237
COL_387934,41661.27017154288
COL_387935,39860.82772885481
COL_387937,52193.58462469759
COL_387947,25139.84183160521
COL_387952,65953.7402840411
COL_388150,60763.82129416874
COL_388157,33519.03752294041
COL_388176,210799.89535965782
COL_388178,60137.70316542943
COL_388246,60105.14554820612
COL_388315,47615.8973224695
COL_388325,34308.25868402787
COL_388360,53443.23226111418
COL_388403,99438.42817733143
COL_388416,61072.47842343463
COL_388433,57758.46990998069
COL_388447,52350.06345291423
COL_388465,35445.099795366434
COL_388500,42768.81247264571
COL_388505,81018.92227603216
COL_388507,32831.01403284218
COL_388578,63363.59345223606
COL_388589,53426.746648682885
COL_388651,43189.52666688437
COL_388675,39686.15957985847
COL_388732,60454.95448371383
COL_388790,32251.84134370295
COL_388863,38960.29661275804
COL_388911,40428.984253618444
COL_388927,51942.344635547975
COL_388962,60244.56733177053
COL_388964,62874.23577947093
COL_389021,121944.99518838838
COL_389080,47790.23321317287
COL_389139,87782.4582069937
COL_389140,86613.90664817212
COL_389175,39770.55888613414
COL_389176,42252.33154884803
COL_389230,50282.93512953617
COL_389264,85125.70689345448
COL_389373,59525.00039326735
COL_389408,129417.65998521728
COL_389425,53560.264542299716
COL_389438,42749.82993740869
COL_389459,50658.57858590665
COL_389488,50139.33138044053
COL_389576,58986.789412203616
COL_389663,49082.360939151964
COL_389787,85619.01075912348
COL_389803,52469.90042687541
COL_389884,65454.084537012066
COL_389891,37583.859590617976
COL_389905,230886.93596573162
COL_390149,50829.11968628583
COL_390150,47220.55857350564
COL_390151,47137.380989916725
COL_390152,69804.71056228263
COL_390176,38157.717034933376
COL_390177,63870.21210190672
COL_390178,38041.395119044886
COL_390179,38111.10387626446
COL_390180,46962.817792378366
COL_390181,46673.9534781195
COL_390237,38921.59839386682
COL_390259,57863.97636690144
COL_390270,50718.96743847679
COL_390312,60895.43827424331
COL_390313,60895.43827424331
COL_390320,95497.56190021311
COL_390321,88786.2507929675
COL_390322,100828.5796728501
COL_390390,39922.52464297645
COL_390394,27827.891310457107
COL_390447,45354.30593673973
COL_390474,40482.13353462454
COL_390485,48631.37050596431
COL_390656,49338.48401335122
COL_390675,69781.89195592413
COL_390720,50104.650030413875
COL_390759,50080.40702889766
COL_390760,53598.650282599876
COL_390761,114486.65638401777
COL_391004,55449.42878621189
COL_391012,46545.699560290035
COL_391064,184526.16380196525
COL_391101,41425.03405523324
COL_391115,64779.68224233035
COL_391171,35346.75393396704
COL_391285,71631.80099560654
COL_391330,41771.573159988395
COL_391418,47490.893776150326
COL_391464,37921.300786904576
COL_391466,31126.580493716745
COL_391556,30964.58098339754
COL_391648,25104.8439194539
COL_391650,38070.116708119225
COL_391754,37842.576412071314
COL_392218,77249.2696730948
COL_392243,57673.63488521595
COL_392279,28100.52740533052
COL_392303,37127.58704576356
COL_392497,48588.77838611631
COL_392554,35317.031266848746
COL_392663,46798.95057466829
COL_392737,34303.67728615734
COL_392878,38972.6491887236
COL_392908,39836.59916822802
COL_393015,77180.19083418546
COL_393045,43191.74703916726
COL_393092,58895.74545467729
COL_393145,40996.836064546726
COL_393278,56261.38977973592
COL_393287,30345.185238448437
COL_393363,36905.78069153883
COL_393454,76816.67928217063
COL_393463,29754.31929008505
COL_393493,60873.88705429298
COL_393543,120559.33728801277
COL_393581,47764.432631120086
COL_393625,43281.07921141218
COL_393647,38975.140911197646
COL_393648,50343.77983318518
COL_393761,38697.59065559594
COL_393770,107798.47500854605
COL_393784,114545.12466771403
COL_393830,93500.37237061643
COL_393834,127384.97538121714
COL_393843,68320.7002772837
COL_393924,30272.863010911937
COL_393930,49813.14791268383
COL_393931,46045.011374626105
COL_393953,40128.658536641386
COL_394142,55305.75303644084
COL_394224,168376.38882811603
COL_394448,81933.86008821883
COL_394726,97465.40185188064
COL_394737,46888.31896413886
COL_394738,32113.68798554528
COL_394764,137911.85716722385
COL_394777,35149.76040565684
COL_394783,37188.4487277322
COL_394811,81318.75268649746
COL_394849,62013.73278497246
COL_394857,73285.78303889428
COL_394922,38414.27645438429
COL_394988,48311.86359071308
COL_395063,53404.98902039416
COL_395135,43305.10263022645
COL_395184,71659.69165432535
COL_395191,33898.405865012086
COL_395196,67326.23909757276
COL_395197,53017.433295233015
COL_395209,47737.419696134544
COL_395214,61041.25611783107
COL_395226,37036.87228260089
COL_395281,222430.9813496721
COL_395296,30111.76618123689
COL_395344,38924.72525486192
COL_395573,61384.72134835969
COL_395574,61456.660889289946
COL_395608,39387.20596412291
COL_395713,30093.75269349619
COL_395714,36934.58477686603
COL_395715,33979.74373009183
COL_395717,50361.0692679089
COL_395718,54861.835992224216
COL_395771,34864.03543906513
COL_395816,226042.16176947765
COL_395841,42460.962990782224
COL_395898,55011.15910900608
COL_395904,61569.55955757914
COL_395929,58871.03766022884
COL_396047,128122.42680961992
COL_396072,55305.75303644084
COL_396104,225576.17825364956
COL_396114,42215.29806736487
COL_396161,28501.509572760573
COL_396162,24597.796763092036
COL_396197,35768.38592939119
COL_396213,42298.929326712816
COL_396366,42519.38266002247
COL_396368,31909.118937144314
COL_396373,32264.299732336647
COL_396385,44433.6463535785
COL_396389,88089.75952146364
COL_396399,48932.10376813898
COL_396434,68242.26012771124
COL_396522,61476.784675632145
COL_396536,48773.81357804178
COL_396544,57142.57340828445
COL_396605,48082.68528173847
COL_396766,42815.13173037208
COL_396828,33187.80105385594
COL_396833,40166.77415844269
COL_396838,26049.945850706565
COL_396937,53896.84682971947
COL_396959,67150.14946809673
COL_396960,53414.79172993227
COL_396961,49646.24124067347
COL_396975,52414.41878172495
COL_397004,50866.03833258501
COL_397068,62391.10504541846
COL_397220,44135.143809084715
COL_397251,51578.99551839864
COL_397387,28708.3231739989
COL_397408,176719.93869835112
COL_397515,378522.62063115253
COL_397613,44037.63204306893
COL_397736,40330.54238353274
COL_397747,55251.81303547102
COL_397860,49092.27806957911
COL_397875,26452.562541177253
COL_397928,50813.29062982789
COL_398072,52040.37473825486
COL_398073,43015.523833389365
COL_398193,52769.203639299114
COL_398230,64171.55307758928
COL_398232,115175.26552978974
COL_398238,59671.335132199696
COL_398375,28968.16658717232
COL_398381,52915.699622005195
COL_398395,46073.671477307995
COL_398412,39136.35349310269
COL_398466,47376.36966565179
COL_398494,30269.764380890272
COL_398545,45920.925586374564
COL_398781,49021.84231982541
COL_398819,55062.58127755262
COL_398836,52714.09909722833
COL_398868,107798.47500854605
COL_398879,55968.49750159208
COL_398902,41530.1386411353
COL_398904,75687.3604800104
COL_399019,33416.262043020346
COL_399049,62270.912014291454
COL_399059,37733.07869251371
COL_399127,73580.23809480977
COL_399459,67627.41634075367
COL_399529,35287.275573677056
COL_399530,38033.18342567079
COL_399886,78479.45929025747
COL_399931,53006.02184390377
COL_400024,73148.98295083687
COL_400104,62296.72441344937
COL_400156,41232.0191689654
COL_400161,45267.77418356435
COL_400207,38685.00995291164
COL_400215,42052.72258346243
COL_400271,51544.763550792544
COL_400272,49985.33268489018
COL_400380,32970.7186809492
COL_400422,23723.388401456417
COL_400487,81603.21376717802
COL_400545,57289.7888022505
COL_400546,56801.48234777083
COL_400549,63206.3330953757
COL_400554,54699.56069042441
COL_400610,48975.79657955781
COL_400630,32255.886928359545
COL_400640,80355.93863733581
COL_400645,58892.54876574766
COL_400652,37599.42180939327
COL_400802,46471.92925784077
COL_400811,94352.88590566641
COL_400840,47545.81161121928
COL_400904,66019.51815423582
COL_400940,193181.91735536384
COL_401007,48890.00564009838
COL_401013,48970.85359087318
COL_401269,66461.52270608388
COL_401392,1035440.3191456876
COL_401419,63747.93284869443
COL_401547,41239.76932581279
COL_401587,52274.81054253653
COL_401661,59807.140496636996
COL_401705,46641.868072420046
COL_401767,45142.35272874559
COL_401797,38050.4316249839
COL_401868,61895.390968983316
COL_402016,46256.675313326086
COL_402348,26378.70781163573
COL_402421,43411.391134283745
COL_402474,50263.74896107099
COL_402475,103708.28845429872
COL_402507,33889.18979180271
COL_402530,58002.87771171171
COL_402555,53362.07605305419
COL_402739,127455.5501207863
COL_402789,37296.926897351215
COL_402795,46498.61665521336
COL_402894,30124.940258456605
COL_402928,48084.178206240416
COL_402934,81881.04881818056
COL_402936,83010.059167485
COL_402957,49626.38280756248
COL_403052,49918.721079923984
COL_403101,80965.06599134601
COL_403137,59659.661141589866
COL_403139,55259.36995357569
COL_403160,42031.66661365626
COL_403161,50546.387665266375
COL_403162,56606.11209763927
COL_403165,48058.945356701035
COL_403242,34468.03587497759
COL_403418,38660.462738918526
COL_403560,69866.39939275463
COL_403564,50424.15207874318
COL_403610,53362.07605305419
COL_403634,53444.80828275287
COL_403737,54587.618562654425
COL_403848,58681.991664746085
COL_403854,50362.775274695974
COL_403937,50907.977234097365
COL_404130,195699.4680540895
COL_404143,48586.61149346812
COL_404183,37759.7590420958
COL_404215,62001.40823047303
COL_404333,83979.36408900692
COL_404345,42160.77372466155
COL_404438,96068.15222067363
COL_404439,58719.11930583587
COL_404491,193181.91735536384
COL_404576,32539.994275938752
COL_404620,27904.779412419208
COL_404651,31358.001508839967
COL_404736,35752.55761220812
COL_404745,40085.94626055414
COL_404784,38581.522890298715
COL_404872,40085.40466419016
COL_405059,46933.7016295713
COL_405127,38656.88116244996
COL_405143,77624.71856211097
COL_405156,41617.20795600981
COL_405235,42718.68785666217
COL_405303,39819.47378918095
COL_405345,40901.30408082851
COL_405398,39027.870006041085
COL_405399,55836.71374525863
COL_405507,39387.90630069896
COL_405529,48453.889813110494
COL_405658,42800.150302491835
COL_405666,46695.13712806551
COL_405711,37842.006071095355
COL_405811,34136.153534578836
COL_405951,40497.23966716281
COL_406025,64521.3821195801
COL_406081,83006.25525014877
COL_406092,58212.56945429025
COL_406116,35913.004255649044
COL_406145,38040.09783323081
COL_406171,44144.423908931385
COL_406232,33727.0343686884
COL_406234,38068.88101458876
COL_406275,59232.939536153666
COL_406276,60103.93037190359
COL_406277,55521.07623861742
COL_406278,54968.63058861938
COL_406279,41541.52624454762
COL_406291,28915.712149039915
COL_406380,54437.289930009334
COL_406471,53213.49181430124
COL_406524,39410.35742668636
COL_406525,40592.2014546878
COL_406577,59642.846156719264
COL_406642,226351.06226977104
COL_406698,59162.12817054883
COL_406765,23785.37440771908
COL_406819,56970.66145511989
COL_406981,49604.295234857105
COL_407017,47794.975995971705
COL_407064,31183.636593757525
COL_407236,555502.1702511734
COL_407262,79703.95584117383
COL_407274,81419.67613855907
COL_407301,42902.268752097436
COL_407334,45981.78185972252
COL_407372,43440.92563625217
COL_407383,38979.27332927334
COL_407391,46146.394445719154
COL_407415,37759.7590420958
COL_407480,79441.62106092699
COL_407570,114545.12466771403
COL_407627,41620.20411485807
COL_407634,75868.21967416618
COL_407635,86658.54121259073
COL_407683,38010.31067950191
COL_407899,53825.30701645138
COL_407927,41779.35221416241
COL_407936,48321.47270913776
COL_407956,34513.2910467708
COL_407969,49470.24063227488
COL_408007,48837.29748687398
COL_408026,52044.40161694351
COL_408056,36989.322987428386
COL_408156,185020.59430772954
COL_408157,71711.27621437874
COL_408181,40984.29281025108
COL_408230,48340.746260434265
COL_408276,59976.77618428839
COL_408313,38442.8664741079
COL_408317,32474.331416975896
COL_408318,30563.44535222258
COL_408319,44957.65400938342
COL_408320,41779.46787955178
COL_408349,47236.78899143243
COL_408552,57166.420461481415
COL_408565,37550.25080423683
COL_408672,47676.0919150846
COL_408682,59714.26785450103
COL_408686,22487.36122054516
COL_408724,25003.007231261916
COL_408765,40094.8545717913
COL_408832,57670.99822026179
COL_409107,78556.75727394638
COL_409486,56263.745428415605
COL_409495,49340.47500590735
COL_409540,163214.39156278071
COL_409590,56764.35865530311
COL_409662,47153.00269819036
COL_409668,50327.081039137
COL_409784,53589.34803252678
COL_409790,80928.94173649726
COL_409858,35167.81507412248
COL_409866,38621.371266686016
COL_409962,32718.305855835762
COL_410295,50091.492045251536
COL_410302,39786.40107423487
COL_410316,41986.862309511365
COL_410448,43871.7371444465
COL_410498,53792.187976052126
COL_410525,42706.392869238305
COL_410534,176655.20280459488
COL_410549,41581.052577026174
COL_410657,53063.40110851345
COL_410724,37727.00119465639
COL_410778,47802.940852439446
COL_410957,45663.64428866516
COL_411043,103804.70563089228
COL_411096,109338.31507277099
COL_411111,60536.76612360068
COL_411137,96667.39660318443
COL_411195,44081.90752907845
COL_411202,37352.294816229325
COL_411220,111937.1283171032
COL_411221,112260.20991857654
COL_411238,38576.189566286106
COL_411275,28150.230326563607
COL_411301,46308.90361281854
COL_411514,49545.94815111342
COL_411540,37807.046062303976
COL_411700,37652.21372791889
COL_411961,23960.181636739002
COL_411962,36677.811821391835
COL_412082,29981.783599779414
COL_412105,40915.53881023958
COL_412122,26140.583980218275
COL_412124,47456.79084646555
COL_412125,47119.1964851389
COL_412244,37863.408123319474
COL_412251,52330.76353483528
COL_412275,40548.298965945534
COL_412308,68235.6069384603
COL_412337,30630.823563390364
COL_412350,88330.5659429327
COL_412395,45830.548376411905
COL_412411,74737.0677655471
COL_412491,65423.67447872934
COL_412575,29584.920932389945
COL_412583,45592.255385060234
COL_412606,36704.151386791425
COL_412656,52271.833555344114
COL_412697,38888.35198878189
COL_412711,31701.3992484647
COL_412850,51862.36984574181
COL_412851,43428.33611138799
COL_412853,34209.48220209103
COL_412856,40646.62476305678
COL_412857,25222.126176263937
COL_412925,178711.21391784257
COL_412926,178711.21391784257
COL_413217,62491.537945603086
COL_413225,65923.83408078665
COL_413258,45137.75321635688
COL_413261,40839.271519011156
COL_413262,45445.62632264508
COL_413270,30153.932898252897
COL_413271,44336.995935694256
COL_413275,48860.33197665512
COL_413474,114276.21615926424
COL_413482,41885.69192003902
COL_413607,28027.799490202324
COL_413678,27799.85836333212
COL_413943,56668.03411004381
COL_413976,45064.838793192415
COL_414175,338014.97607625875
COL_414193,56984.46837607021
COL_414295,23851.749909269925
COL_414337,195699.4680540895
COL_414380,23810.490291425976
COL_414470,56549.145006157
COL_414471,41091.76925380042
COL_414687,45846.26238346634
COL_414867,40975.72961232298
COL_414930,56602.15359084195
COL_414931,56052.676911409195
COL_415267,56778.588936780114
COL_415295,60627.05468104418
COL_415296,53925.902333006154
COL_415357,100046.33018499045
COL_415433,25731.778922202255
COL_415503,40199.27898831055
COL_415607,47466.25830164221
COL_415617,35831.85822671073
COL_415653,56486.490486932686
COL_415665,39935.61262593456
COL_415782,34934.0944230433
COL_415791,54019.055741174954
COL_415947,49286.44823243334
COL_415983,53371.820160509626
COL_415989,54307.77217381573
COL_416016,37233.96182301413
COL_416140,27654.688993360414
COL_416279,108145.65071089388
COL_416336,32954.49742042313
COL_416444,81536.57737682438
COL_416460,40931.56767555243
COL_416464,37669.230144539295
COL_416466,36001.93055503432
COL_416469,51744.740055175214
COL_416545,30362.673128378534
COL_416560,74217.5412645718
COL_416564,75785.67294253562
COL_416626,50927.73145311815
COL_416665,45072.24107697319
COL_416673,47289.67890009986
COL_416695,106688.13714169618
COL_416696,114882.16094805462
COL_416697,105257.6524902258
COL_416698,74717.50117278923
COL_416699,103247.80512265746
COL_416700,103247.80512265746
COL_416766,28937.50506787745
COL_416774,42595.787920972914
COL_416778,41009.931769397874
COL_416785,58070.767069121706
COL_416814,40174.95043275619
COL_416868,30734.034978052252
COL_416894,73301.28210603342
COL_417030,34536.119288803515
COL_417049,114883.50239210854
COL_417096,47441.66507768096
COL_417122,73188.86586667459
COL_417124,84268.72345406572
COL_417171,77008.8820576309
COL_417174,27119.507035394992
COL_417228,38864.139615286294
COL_417236,86509.5424268802
COL_417265,146909.2879255712
COL_417266,38668.03976388211
COL_417267,85543.22087520514
COL_417271,37803.95340763515
COL_417284,46485.895594491056
COL_417318,91684.85944064373
COL_417423,48916.786938622994
COL_417510,27797.706856160712
COL_417566,32252.998012484637
COL_417567,29639.74292983863
COL_417588,45254.9810732054
COL_417745,54844.123158708186
COL_417886,42458.275119433405
COL_417890,37727.607966988886
COL_418074,31608.81997931537
COL_418076,46900.52493002418
COL_418114,51995.073924584074
COL_418116,37769.139731506126
COL_418130,42483.20138743511
COL_418135,42752.68856384234
COL_418144,31109.705174096394
COL_418176,71461.65029008589
COL_418198,54020.37004810918
COL_418222,77025.6905661833
COL_418224,168817.80155695297
COL_418240,35181.856928151836
COL_418264,57662.46744165709
COL_418371,113875.02318477067
COL_418556,56135.56230064633
COL_418578,48204.567806278355
COL_418774,38322.227725971425
COL_418818,64879.97413713433
COL_418839,47909.11729405997
COL_418881,45025.6927035246
COL_418888,42223.287377468674
COL_418990,46081.20840579224
COL_419050,29472.03976110098
COL_419102,28076.33793761645
COL_419181,27995.949236037697
COL_419250,98118.38645468987
COL_419337,80704.53228895353
COL_419383,33728.06005379098
COL_419397,77206.7928370697
COL_419431,51064.70561467818
COL_419510,87458.91615259276
COL_419518,24590.03388030317
COL_419574,34193.3320442976
COL_419578,40352.84845518362
COL_419614,27991.912202402356
COL_419756,127522.93182508735
COL_419765,43188.027488183325
COL_419779,48811.53898458653
COL_419796,32478.066447799156
COL_419798,30345.185238448437
COL_419799,44932.602084812446
COL_419870,50472.80376932947
COL_419871,50472.80376932947
COL_419872,50350.24211033687
COL_419873,43730.06966281037
COL_420021,109717.37128979783
COL_420031,43273.72165189111
COL_420037,29309.157326311593
COL_420080,53302.23423976635
COL_420362,34763.788936397905
COL_420401,51961.06209473917
COL_420490,56724.62436173176
COL_420491,38785.311184156635
COL_420515,49367.84112400958
COL_420540,401417.70226109534
COL_420668,42620.118731671864
COL_420707,33900.4821815998
COL_420743,341024.5581943165
COL_420784,31051.690656478677
COL_420790,53280.65147205188
COL_420901,41846.4908298861
COL_421024,49163.36337067028
COL_421052,29825.120312746338
COL_421060,30816.9193599749
COL_421061,61866.75191750706
COL_421110,36282.27967054978
COL_421112,59756.33621886503
COL_421121,66952.95869351394
COL_421208,40991.45829163966
COL_421218,49081.5723706903
COL_421237,191568.69549547555
COL_421255,39234.92002518963
COL_421283,38648.67160375479
COL_421291,63042.55811189327
COL_421297,196437.29534803395
COL_421343,32204.161042466072
COL_421344,32491.383218528925
COL_421348,51815.588372765786
COL_421552,50225.30518683899
COL_421654,42452.725906979256
COL_421655,48775.01239434777
COL_421692,39434.83749289434
COL_421693,55372.9718329851
COL_422153,51098.78336367499
COL_422232,25139.84183160521
COL_422255,57901.60569102852
COL_422256,48609.2974202243
COL_422257,49853.808685141106
COL_422275,36049.18851961756
COL_422286,35203.07391506225
COL_422287,47712.66485914276
COL_422289,36307.080151267575
COL_422290,50429.76301440478
COL_422291,51519.296677787745
COL_422330,33653.82968358665
COL_422413,62677.07019076942
COL_422452,44439.64510954779
COL_422592,25139.84183160521
COL_422610,61631.3485974395
COL_422646,336277.64386414486
COL_422735,61089.23974013306
COL_422779,58994.324354552846
COL_422780,61541.4494790445
COL_422781,61418.81893743281
COL_422782,47385.25668350793
COL_422832,50668.72736370694
COL_422901,21521.426275222966
COL_422922,55639.91445545067
COL_422969,35878.047120275776
COL_422998,38371.91399413502
COL_423042,51012.97147162974
COL_423271,285852.6803111714
COL_423292,28036.175286219168
COL_423390,31054.39469928347
COL_423398,31942.830976989142
COL_423541,58264.57137113593
COL_423629,64155.40822284005
COL_423714,110234.33759469994
COL_423761,142597.1289257973
COL_423762,143706.16491642102
COL_423840,36434.242729930236
COL_424042,81291.62024160582
COL_424094,46410.08114656124
COL_424147,38071.85029933565
COL_424211,62156.949050713214
COL_424260,39283.865174993145
COL_424300,58135.38066906056
COL_424348,27654.688993360414
COL_424494,55787.742949641746
COL_424642,204589.09800522335
COL_424752,48239.843293427926
COL_425001,47894.31522679057
COL_425093,41840.977630119974
COL_425126,59964.98091824379
COL_425176,31226.381361530624
COL_425196,40104.30495118135
COL_425223,45368.324285791205
COL_425244,32806.99374429615
COL_425369,49229.01831947868
COL_425409,46353.871799646666
COL_425441,113970.2039336759
COL_425639,48849.5779885655
COL_425665,36285.01770395199
COL_425846,60123.220784313286
COL_425989,40565.424720963536
COL_426027,38433.35294229656
COL_426061,44226.26359995093
COL_426087,46353.871799646666
COL_426104,27022.27871567609
COL_426111,37895.100308573914
COL_426115,69548.23751160991
COL_426116,54455.729138664596
COL_426125,61670.99966892403
COL_426151,38182.232616704314
COL_426153,49307.58642866401
COL_426154,36503.838918530935
COL_426155,36682.08423756414
COL_426193,84279.86309502089
COL_426194,54857.530767591794
COL_426197,80928.94173649726
COL_426198,84341.86353795865
COL_426280,66121.89375911256
COL_426368,78577.57991965633
COL_426396,44036.98181919619
COL_426421,49926.44466155164
COL_426497,48804.435163622955
COL_426515,56443.10196451373
COL_426542,49481.11662688228
COL_426551,66755.7319869445
COL_426606,28262.96300308979
COL_426630,34516.71030933735
COL_426890,36090.53480461405
COL_427026,33718.59440312052
COL_427086,29944.69137088796
COL_427087,32426.926823290913
COL_427088,29651.862680060134
COL_427345,41339.168880395264
COL_427417,41374.311564446856
COL_427594,191054.38463038858
COL_427626,40905.434137551434
COL_427674,58442.31512836686
COL_427685,47547.424194800486
COL_427694,36365.73303002498
COL_427711,46483.8972061013
COL_427712,94731.45060993038
COL_427713,34389.62518122764
COL_427738,63708.21502814877
COL_427889,39153.72372651666
COL_427891,99509.4634536829
COL_427927,80340.07374043226
COL_428045,34369.249372131046
COL_428116,33282.77419212053
COL_428221,43100.82337659257
COL_428332,40606.34494036631
COL_428419,36515.650843104224
COL_428436,48972.14247107512
COL_428459,31225.711225301435
COL_428460,64907.39250298311
COL_428724,200099.44328213276
COL_428952,58403.79822511551
COL_428982,37271.0619730283
COL_428983,52179.08145034986
COL_429040,36585.88478946827
COL_429053,54130.71889127549
COL_429063,50536.19162359874
COL_429128,44001.715049350256
COL_429131,44529.294794381116
COL_429190,30265.06815440353
COL_429211,28940.129191436943
COL_429243,52790.38732262726
COL_429270,55501.2979607658
COL_429312,58871.03766022884
COL_429415,66389.55025404016
COL_429434,49367.84112400958
COL_429512,47561.776874823634
COL_429591,41042.24674105839
COL_429627,63715.21021695217
COL_429671,60898.26606556084
COL_429672,60898.26606556084
COL_429688,98607.3736016683
COL_429689,96648.09862660295
COL_429693,62965.88523149239
COL_429715,40166.77415844269
COL_429792,63885.527463572544
COL_429831,47607.03247632912
COL_430043,224341.0923431649
COL_430076,51310.796531860804
COL_430092,37699.0876554917
COL_430123,49116.150687832145
COL_430196,35652.02195902113
COL_430201,41344.705488573556
COL_430215,112959.20320483182
COL_430335,38486.8592904024
COL_430443,75902.65302245057
COL_430444,75902.65302245057
COL_430445,64358.932435963674
COL_430446,70794.98547424075
COL_430506,80702.28441890352
COL_430651,56403.2897644252
COL_430726,57697.77153178735
COL_430765,51782.13548139154
COL_431040,51034.33282187462
COL_431079,41324.27326234899
COL_431111,31248.130989286412
COL_431147,38334.7162814991
COL_431149,44770.16261167069
COL_431152,39970.602270166884
COL_431279,76040.54355961226
COL_431283,26423.34720564622
COL_431331,43278.857754147626
COL_431364,28062.536137720243
COL_431377,34887.80613019431
COL_431389,30726.017515302683
COL_431561,53778.466045160225
COL_431663,28653.175954518723
COL_431675,27477.380125568005
COL_431683,132433.58922666733
COL_431707,73283.53949914155
COL_431768,38888.35198878189
COL_431982,49503.98548962941
COL_431990,32636.49759677669
COL_432077,43561.374580190335
COL_432104,27418.313137758683
COL_432105,27418.313137758683
COL_432272,28957.70091538964
COL_432283,38340.33862766271
COL_432319,43014.89216385688
COL_432320,41418.14579077167
COL_432332,28021.0610814683
COL_432333,49703.331244414716
COL_432412,109078.1586080019
COL_432415,33949.25517292477
COL_432420,40932.19866064678
COL_432640,57202.18683672796
COL_432644,23709.968140481233
COL_432646,46913.72448589877
COL_432755,155241.1466925573
COL_433016,66115.62996465788
COL_433137,47065.65764721321
COL_433206,66240.84583760929
COL_433218,37863.408123319474
COL_433381,56542.96179150212
COL_433499,24528.872003097345
COL_433501,48467.2004513995
COL_433595,47837.17986997976
COL_434015,58337.51493609753
COL_434023,30795.75013035942
COL_434027,48265.473081758355
COL_434046,149479.4662181465
COL_434082,168879.01020147468
COL_434097,51078.012211960886
COL_434119,42357.00888587633
COL_434214,43213.63257367122
COL_434303,58146.79530448205
COL_434319,38226.05366992534
COL_434320,37662.85100193692
COL_434338,54058.80805076303
COL_434431,48148.61873048145
COL_434434,42396.850175977386
COL_434601,47793.81420558465
COL_434621,46953.580225969075
COL_434651,38354.790335988575
COL_434686,26378.70781163573
COL_434771,31443.533719954055
COL_434823,53903.92544504033
COL_434848,42268.78326896048
COL_434871,26708.53258711215
COL_435108,55701.14399113443
COL_435148,39696.260259556824
COL_435225,44456.77022312751
COL_435332,139066.37909771389
COL_435436,44485.99243661333
COL_435657,50789.98572958587
COL_435665,42741.464742765864
COL_435718,137459.68786445286
COL_435759,29987.783241767564
COL_435887,29049.075975861833
COL_435996,145739.29577159975
COL_435997,40377.1847202238
COL_436077,95046.80131154563
COL_436085,70107.913400618
COL_436126,45326.21805511139
COL_436133,34327.74302581819
COL_436154,49021.84231982541
COL_436195,29485.82123122697
COL_436277,43067.570606743284
COL_436336,54304.432856818305
COL_436344,36132.58034083937
COL_436422,59332.598449844176
COL_436438,28074.166553829447
COL_436469,50622.94828312276
COL_436574,34535.669913388
COL_436582,28507.721752173795
COL_436675,39696.260259556824
COL_436712,28185.144684231553
COL_436721,79703.95584117383
COL_436732,95235.07390386221
COL_436758,50366.81394215438
COL_436969,47622.194367664495
COL_437029,104772.11809708517
COL_437045,55332.88795071421
COL_437048,36232.58440650133
COL_437102,79137.66099050736
COL_437108,37808.2197913516
COL_437131,85633.04728606252
COL_437150,62871.108157349605
COL_437151,60495.07349200214
COL_437153,61511.578359703395
COL_437154,61511.578359703395
COL_437155,62871.108157349605
COL_437156,62871.108157349605
COL_437157,62871.108157349605
COL_437186,51051.10811883616
COL_437187,40125.85052325209
COL_437195,51068.12936549997
COL_437280,46152.947017004095
COL_437358,207834.10847243096
COL_437384,56098.45874371952
COL_437385,80699.26856050525
COL_437386,85072.29506789641
COL_437455,27510.718265721287
COL_437456,34975.571346176745
COL_437610,35718.070138339346
COL_437874,29094.25609030965
COL_437881,39847.92188850334
COL_437949,32472.7907587185
COL_437953,48556.70204610713
COL_437972,40432.23861292332
COL_437999,49938.41104575564
COL_438013,76924.44302191443
COL_438024,51244.26368445197
COL_438136,34743.004459493866
COL_438164,203889.75502792298
COL_438343,64789.08915777513
COL_438424,31669.509586067707
COL_438451,22013.639396291917
COL_438458,58306.402262630065
COL_438466,143534.6399998015
COL_438470,56739.56533915375
COL_438603,52357.32144030482
COL_438755,266462.2302396142
COL_438836,39428.60732925096
COL_438853,85875.67217998137
COL_438878,64789.08915777513
COL_438979,68440.20865880599
COL_439032,28953.085685761922
COL_439248,54452.89232461867
COL_439348,99761.40733955907
COL_439366,69781.89195592413
COL_439375,58154.205562490744
COL_439448,70238.7095366372
COL_439463,39397.402134829405
COL_439473,62364.39556519525
COL_439546,45317.829994536085
COL_439560,34132.51542262994
COL_439603,74564.64289960451
COL_439708,51010.32328053021
COL_439738,38591.111666776334
COL_439739,37667.81069582764
COL_439741,52294.058213137185
COL_439746,56622.962951079106
COL_439755,43338.40125469285
COL_439868,36944.450965420176
COL_439909,47788.770291404566
COL_439912,46323.7324301266
COL_439941,45112.01874483075
COL_440220,37350.99700370937
COL_440226,85229.44246527062
COL_440257,46900.184642325505
COL_440262,29754.781660758446
COL_440318,56261.38977973592
COL_440336,47622.194367664495
COL_440347,86567.93550660678
COL_440618,40547.62526008449
COL_440788,60553.4310674361
COL_440831,27075.800799302313
COL_440889,42189.410078630404
COL_440892,68825.23719423305
COL_440903,46091.646948399466
COL_441033,41040.29475557414
COL_441069,50890.25899983792
COL_441100,42582.27634549716
COL_441105,42755.85492851334
COL_441129,42253.05764243185
COL_441133,50400.22918011011
COL_441162,71204.51059774967
COL_441185,46922.65456069792
COL_441203,44580.09051996942
COL_441213,48421.420532524724
COL_441222,37710.04485052257
COL_441256,38888.35198878189
COL_441291,45372.44133095628
COL_441499,50078.785366332886
COL_441556,38660.228331537284
COL_441659,41617.20795600981
COL_441695,48175.000804534364
COL_441725,38517.94541715958
COL_441852,32351.923944221795
COL_441872,401226.4570605456
COL_441885,40133.00541091941
COL_441886,49076.42434148316
COL_441887,38371.91399413502
COL_441968,40812.65996034617
COL_442042,100299.23695571026
COL_442088,38228.695531430334
COL_442218,59028.1789530721
COL_442223,39741.84004761289
COL_442404,32429.02621839591
COL_442430,42259.11663986201
COL_442436,57108.41008040388
COL_442660,47247.17042721782
COL_442689,40404.00425380405
COL_442736,49098.908021496565
COL_442849,56413.200991606434
COL_442859,42507.72629212689
COL_442896,65831.44864279036
COL_442899,94993.69648039514
COL_442969,59801.58516818106
COL_443027,94322.39810516634
COL_443075,42919.9146058528
COL_443076,56536.032816244166
COL_443086,49072.930129499284
COL_443087,47114.61385547335
COL_443105,42270.57088525389
COL_443174,41265.193770374535
COL_443215,60270.432923368964
COL_443224,71626.86879076464
COL_443260,47761.83301146421
COL_443261,34048.47850315445
COL_443353,151862.31355131284
COL_443381,50158.25466546859
COL_443604,280723.3865180313
COL_443605,151569.12120564477
COL_443606,217868.22162384895
COL_443644,48052.53315362276
COL_443699,24703.57519611482
COL_443721,53771.355512476104
COL_443797,48615.57719599938
COL_443798,65073.55748883946
COL_444056,57142.75633550207
COL_444127,30279.053806191616
COL_444137,40735.64905340468
COL_444163,80761.21260400291
COL_444190,47875.460484271294
COL_444262,51703.49659941019
COL_444332,29935.90143463509
COL_444379,42110.452909517924
COL_444406,74404.73052825595
COL_444612,21521.426275222966
COL_444615,146813.33476372898
COL_444634,35020.12209476508
COL_444659,24245.532376717438
COL_444707,99126.16652546269
COL_444834,76771.86190839896
COL_444936,44147.02265630087
COL_445000,40045.618785293176
COL_445091,32529.565406973346
COL_445127,341238.6086446302
COL_445191,47678.1922025945
COL_445218,43737.13851311263
COL_445268,193247.81574382118
COL_445304,53228.78514747049
COL_445315,32012.06339542342
COL_445336,44745.08930522418
COL_445547,47909.11729405997
COL_445578,77693.32792549439
COL_445661,48148.61873048145
COL_445664,91935.79207788128
COL_445689,40005.870153268035
COL_445693,47779.38506458642
COL_445738,129360.24817876412
COL_445749,60847.99772655596
COL_445753,53415.41007785965
COL_445754,42045.75354511977
COL_445756,31343.083753525352
COL_445780,58034.49916864019
COL_445795,28080.735030805165
COL_445839,48702.97921848432
COL_445871,76603.29987996694
COL_445928,23785.37440771908
COL_446061,37208.94377119454
COL_446070,93543.78009833244
COL_446108,84099.51998699682
COL_446174,63979.22254115872
COL_446228,41956.38780170997
COL_446244,33031.59716993186
COL_446347,33284.33309219147
COL_446363,48203.967340391035
COL_446584,48866.37899278982
COL_446585,51096.51031391764
COL_446586,51988.30137899893
COL_446587,53461.20346395194
COL_446588,55186.76931147811
COL_446615,54130.69488611303
COL_446800,29158.293832221712
COL_446838,58522.14661102505
COL_446853,50303.923195419666
COL_446909,27119.507035394992
COL_446917,29756.552640224414
COL_446918,30896.104192034236
COL_446919,30119.02890710158
COL_446920,28460.371812877605
COL_446924,31549.862303009384
COL_447009,73593.54938247398
COL_447084,69650.17491343882
COL_447134,37296.926897351215
COL_447200,79698.22213356588
COL_447278,25038.222880300007
COL_447297,51597.76217474009
COL_447310,35181.856928151836
COL_447346,37614.03340221628
COL_447394,103128.40141919098
COL_447395,60000.39453919174
COL_447397,48650.47041320623
COL_447412,60261.063887118195
COL_447424,47799.37934140526
COL_447434,66845.85447771609
COL_447435,64584.767079148
COL_447436,82220.50377933617
COL_447437,71227.84362153092
COL_447438,85248.37310330602
COL_447439,53678.78339402074
COL_447440,61617.01482818754
COL_447441,73017.23541774308
COL_447442,73017.23541774308
COL_447443,69561.27036496306
COL_447444,60689.23064674786
COL_447445,61904.92641085393
COL_447446,48427.407909344714
COL_447477,33834.129242908835
COL_447514,80184.94856623486
COL_447614,37847.96113459467
COL_447615,37847.96113459467
COL_447642,39114.84870748674
COL_447650,87641.97199103505
COL_447671,86297.32282951685
COL_447672,86297.32282951685
COL_447698,152542.0506645021
COL_447719,30414.77502739237
COL_447739,72504.16992138248
COL_447865,34887.94362298821
COL_447932,79972.61312935123
COL_447950,40094.43398375529
COL_447973,101595.06881717431
COL_448004,50021.9050403767
COL_448005,49560.708447538156
COL_448006,58947.98094090782
COL_448007,48327.58728221469
COL_448008,49560.708447538156
COL_448009,31171.122456996993
COL_448010,42272.383422694984
COL_448011,60056.388698421186
COL_448017,46704.72149564533
COL_448081,46682.052911068815
COL_448229,100424.62788012666
COL_448288,41591.59189900888
COL_448328,34867.123658056575
COL_448412,65848.43827936835
COL_448444,251691.30389920875
COL_448461,48026.13419803196
COL_448500,44789.47410372749
COL_448541,62484.10034246204
COL_448542,45830.548376411905
COL_448543,45830.548376411905
COL_448547,40817.627881903034
COL_448598,127455.5501207863
COL_448757,40887.0002312416
COL_448763,51833.859690472746
COL_448835,44980.68629356354
COL_448853,55154.23391241352
COL_448947,44432.34555206728
COL_449012,42621.40966501455
COL_449016,40676.196977012645
COL_449024,59299.55416299009
COL_449043,33320.83101168121
COL_449090,42443.69778900598
COL_449146,38061.027032119506
COL_449216,52194.972252876425
COL_449293,96149.20734906704
COL_449311,56602.15359084195
COL_449349,33110.488834911055
COL_449389,58285.04161677625
COL_449497,41265.21814499366
COL_449515,40375.22074464581
COL_449522,41265.033588998594
COL_449526,32173.275783743673
COL_449528,40429.008662630404
COL_449532,29159.966515935026
COL_449536,33150.996514004495
COL_449588,31183.636593757525
COL_449592,60030.0593234207
COL_449811,196056.1812932338
COL_449907,47596.0882012732
COL_449939,72588.60648206789
COL_450017,31161.94053358474
COL_450118,156212.81381736987
COL_450161,43158.73897330696
COL_450164,31934.07653409439
COL_450185,76542.95619458932
COL_450237,24164.373896445297
COL_450271,51022.048801591314
COL_450347,42939.13302391305
COL_450351,38679.50452982308
COL_450523,31724.813754633058
COL_450578,28194.43410953289
COL_450609,48474.86969577161
COL_450632,31203.563000262613
COL_450739,39584.27309147684
COL_450740,35531.11030743399
COL_450800,90664.49114163766
COL_450807,41536.32151723728
COL_450863,37699.0876554917
COL_451021,70107.6437283289
COL_451022,51051.084839462535
COL_451120,45539.42708353018
COL_451222,40341.83967443083
COL_451337,28036.175286219168
COL_451353,37347.43502877963
COL_451357,39712.51333550413
COL_451366,39259.75242291972
COL_451424,43847.093794042565
COL_451493,53848.472837933296
COL_451570,36050.47130798622
COL_451580,46083.604926919674
COL_451581,47336.57722185909
COL_451744,52194.972252876425
COL_451780,47800.204082081276
COL_451858,46769.08446808733
COL_451866,66798.48357257665
COL_451867,63138.260590773825
COL_451876,46935.24006725989
COL_451882,32086.584567332036
COL_451949,41818.168492486475
COL_452035,44983.478764324325
COL_452047,30602.72373842319
COL_452048,74801.8010934262
COL_452145,48622.86625226147
COL_452284,31254.420214590384
COL_452285,45076.793322805206
COL_452313,78553.08569946063
COL_452342,34586.25411609402
COL_452469,48855.42110164436
COL_452492,65647.15206956503
COL_452515,50605.84532919456
COL_452536,46958.850805504124
COL_452555,59193.87921185457
COL_452731,75506.4523847874
COL_452765,51869.44969048837
COL_452800,49431.9682610896
COL_452849,56157.455391709766
COL_452871,51176.289250558846
COL_452912,58641.941800913235
COL_452934,45346.061649527845
COL_453175,89114.03848902103
COL_453176,65180.58964473245
COL_453182,143453.84409297357
COL_453204,48329.0644733934
COL_453205,41772.06203033317
COL_453213,37263.92543450152
COL_453228,36452.47949570293
COL_453378,58316.152493701346
COL_453382,47715.38968816164
COL_453391,32399.95065267837
COL_453406,38461.85409252075
COL_453662,48397.2476079796
COL_453691,42590.01869330368
COL_453739,68415.07404587581
COL_453800,50362.775274695974
COL_453871,39028.52499527149
COL_453991,60227.52221163693
COL_453992,66691.18875248135
COL_453993,47786.173829108004
COL_453994,50656.82698420444
COL_453995,50779.388643197024
COL_453996,58492.238904676495
COL_453997,61279.605722048735
COL_453998,56767.39543286473
COL_453999,51106.418589950634
COL_454000,63241.14259296902
COL_454001,57804.90799678134
COL_454002,62512.052180048144
COL_454003,60581.15023360392
COL_454004,62512.052180048144
COL_454005,47223.95380734273
COL_454022,45932.935019681805
COL_454023,47867.759370340544
COL_454069,149413.80831998662
COL_454085,48321.47270913776
COL_454096,34535.669913388
COL_454109,89053.62953395963
COL_454110,51298.6592612763
COL_454132,47929.073221408056
COL_454285,35960.15615312892
COL_454306,48791.415048925024
COL_454307,48791.415048925024
COL_454308,48691.39068893485
COL_454309,48691.39068893485
COL_454310,31294.33100177101
COL_454422,55366.18093958127
COL_454493,45830.548376411905
COL_454637,41312.56107983775
COL_454727,41357.33950748529
COL_454740,35721.075200404746
COL_454753,50544.19089166715
COL_454768,40089.97201262706
COL_454799,52397.812213962316
COL_455089,28228.071399409735
COL_455212,41637.188621024594
COL_455261,36829.9151870048
COL_455381,46069.04900569593
COL_455397,50271.06515293272
